object.id,scat.id,collected.by,collect.id,year,month,day,season,GPS_LAT,GPS_LONG,collect.site,ecological.type.primary,human.site.primary,anth.food.present,anth.amount,anth.food.source,em.pres,ech.qpcr,em.qpcr,ech.cp,em.cp,pathogen.load,qc,Apples,Anthro,Birdseed,UnkSeed,NatPrey,Veg,Garbage,Berries,SageAnthro,SageAnthro2
SC_176,SC176,SS,20200418.15,2020,4,18,spring,53.44895241,-113.5512618,may common garden,Developed,Walking path,1,1,community garden ,0,NEG,NEG,NA,NA,absent,19.51,NoApples,NoAnthro,NoBirdseed,NoUnkSeed,NatPrey,NoVeg,NoGarbage,Berries,No,No
SC_261,SC261,DS,20200417.18,2020,4,17,spring,53.53068746,-113.4787943,Mutart camera site 2,Forest,Walking path,0,0,NA,1,POS,POS,31.75,34.11,low,22.01,NoApples,NoAnthro,NoBirdseed,NoUnkSeed,NatPrey,NoVeg,NoGarbage,Berries,No,No
SC_062,SC62,DS,20190331.13,2019,3,31,spring,53.49588508,-113.5425332,University Farm,Naturalized,Walking path,0,0,NA,1,POS,POS,39.99,36.97,low,NA,NoApples,NoAnthro,NoBirdseed,NoUnkSeed,NatPrey,NoVeg,NoGarbage,Berries,No,No
SC_084,SC84,CCSC,20190516.16,2019,5,16,spring,NA,NA,Epcor,Forest,Walking path,,,,1,POS,POS,39.99,33.85,low,NA,NoApples,NoAnthro,NoBirdseed,NoUnkSeed,NatPrey,NoVeg,NoGarbage,Berries,No,No
SC_125,SC125,DS,20200203.11,2020,2,3,winter,53.44381943,-113.5012865,Bearspaw dog park,Maintained,Dog park,1,1,bird feeders,0,NEG,NEG,NA,NA,absent,19.08,NoApples,NoAnthro,NoBirdseed,NoUnkSeed,NatPrey,NoVeg,NoGarbage,NoBerries,No,No
SC_233,SC233,DS,20200226.13,2020,2,26,winter,53.44381943,-113.5012865,Bearspaw dog park,Maintained,Dog park,1,1,bird feeders,0,NEG,NEG,NA,NA,absent,20.87,NoApples,NoAnthro,NoBirdseed,NoUnkSeed,NatPrey,NoVeg,NoGarbage,NoBerries,No,No
SC_249,SC249,DS,20200226.13,2020,2,26,winter,53.44381943,-113.5012865,Bearspaw residential,Developed,Residential,1,1,birdfeeders,0,NEG,NEG,NA,NA,absent,23.03,NoApples,NoAnthro,NoBirdseed,NoUnkSeed,NatPrey,NoVeg,NoGarbage,NoBerries,No,No
SC_016,SC16,DS,20190319.15,2019,3,19,winter,53.50999505,-113.5632142,Laurier Drive,Developed,Residential,1,2,Feeding occurs here,0,NEG,NEG,NA,NA,absent,NA,NoApples,NoAnthro,NoBirdseed,NoUnkSeed,NatPrey,NoVeg,NoGarbage,NoBerries,No,No
SC_119,SC119,DS,20200103.15,2020,1,3,winter,53.52108713,-113.5031434,strathcona garden,Compost,Compost,1,2,"large, uncontained compost",0,NEG,NEG,NA,NA,absent,24.51,NoApples,NoAnthro,NoBirdseed,NoUnkSeed,NatPrey,NoVeg,NoGarbage,NoBerries,No,No
SC_109,SC109,DS,20200103.12,2020,1,3,winter,53.51865633,-113.5399031,Hawrelak dog park,Forest,Dog park,0,0,NA,0,NEG,NEG,NA,NA,absent,24.33,NoApples,NoAnthro,NoBirdseed,NoUnkSeed,NatPrey,NoVeg,NoGarbage,NoBerries,No,No
SC_135,SC135,DS,20200101.13,2020,1,1,winter,53.44154145,-113.5602891,terwillegar dog park,Naturalized,Dog park,0,0,NA,0,NEG,NEG,NA,NA,absent,24.71,NoApples,NoAnthro,NoBirdseed,NoUnkSeed,NatPrey,NoVeg,NoGarbage,NoBerries,No,No
SC_014,SC14,CH,20190319.17,2019,3,19,winter,53.55820648,-113.4560358,Kinnard,Forest,Walking path,0,0,NA,0,NEG,NEG,NA,NA,absent,NA,NoApples,NoAnthro,NoBirdseed,NoUnkSeed,NatPrey,NoVeg,NoGarbage,NoBerries,No,No
SC_144,SC144,CCSC,20200228.15,2020,2,28,winter,53.48625807,-113.5567811,Rainbow Valley Bridge,Forest,Walking path,0,0,NA,0,NEG,NEG,NA,NA,absent,22.97,NoApples,NoAnthro,NoBirdseed,NoUnkSeed,NatPrey,NoVeg,NoGarbage,NoBerries,No,No
SC_145,SC145,CCSC,20200228.15,2020,2,28,winter,53.48625807,-113.5567811,Rainbow Valley Bridge,Forest,Walking path,0,0,NA,0,NEG,NEG,NA,NA,absent,23.49,NoApples,NoAnthro,NoBirdseed,NoUnkSeed,NatPrey,NoVeg,NoGarbage,NoBerries,No,No
SC_147,SC147,N,20200219,2020,2,19,winter,53.53319955,-113.5472317,mayfair golf course,Maintained,Golf course,0,0,NA,0,NEG,NEG,NA,NA,absent,26.04,NoApples,NoAnthro,NoBirdseed,NoUnkSeed,NatPrey,NoVeg,NoGarbage,NoBerries,No,No
SC_158,SC158,DS,20200101.13,2020,1,1,winter,53.44154145,-113.5602891,terwillegar dog park,Naturalized,Dog park,0,0,NA,0,NEG,NEG,NA,NA,absent,24.9,NoApples,NoAnthro,NoBirdseed,NoUnkSeed,NatPrey,NoVeg,NoGarbage,NoBerries,No,No
SC_223,SC223,CCSC,20200329.14,2020,3,29,spring,53.52780169,-113.5154537,south campus trails,Naturalized,Walking path,0,0,NA,0,POS,NEG,31.97,NA,absent,21.56,NoApples,NoAnthro,NoBirdseed,NoUnkSeed,NatPrey,NoVeg,NoGarbage,NoBerries,No,No
SC_235,SC235,CCSC,20200323.15,2020,3,23,spring,53.51886046,-113.5401069,Hawrelak park ,Maintained,Walking path,0,0,NA,0,NEG,NEG,NA,NA,absent,20.09,NoApples,NoAnthro,NoBirdseed,NoUnkSeed,NatPrey,NoVeg,NoGarbage,NoBerries,No,No
SC_246,SC246,DS,20200102.14,2020,1,2,winter,NA,NA,91ST Dog Park,Naturalized,Dog park,0,0,NA,0,NEG,NEG,NA,NA,absent,21.55,NoApples,NoAnthro,NoBirdseed,NoUnkSeed,NatPrey,NoVeg,NoGarbage,NoBerries,No,No
SC_036,SC36,DS,20190115.11,2019,1,15,winter,53.48625807,-113.5567811,Rainbow Valley Bridge,Forest,Walking path,0,0,NA,0,NEG,NEG,NA,NA,absent,NA,NoApples,NoAnthro,NoBirdseed,NoUnkSeed,NatPrey,NoVeg,NoGarbage,NoBerries,No,No
SC_039,SC39,DS,20190131.1,2019,1,31,winter,53.60951723,-113.5720073,Rampart Industrial Pond,Naturalized,Stormwater Pond,0,0,NA,0,NEG,NEG,NA,NA,absent,NA,NoApples,NoAnthro,NoBirdseed,NoUnkSeed,NatPrey,NoVeg,NoGarbage,NoBerries,No,No
SC_049,SC49,RG,20180815.13,2018,8,15,summer,53.59871788,-113.6030614,Humane Society,Naturalized,Industrial,0,0,NA,0,NEG,NEG,NA,NA,absent,NA,NoApples,NoAnthro,NoBirdseed,NoUnkSeed,NatPrey,NoVeg,NoGarbage,NoBerries,No,No
SC_085,SC85,CCSC,20170525.11,2017,5,25,spring,53.48625807,-113.5567811,Rainbow Valley Bridge,Forest,Walking path,0,0,NA,0,NEG,NEG,NA,NA,absent,NA,NoApples,NoAnthro,NoBirdseed,NoUnkSeed,NatPrey,NoVeg,NoGarbage,NoBerries,No,No
SC_091,SC91,MR,20190303.13,2019,3,3,winter,53.47513794,-113.640384,Wedgewood Ravine,Forest,Dog park,0,0,NA,1,POS,POS,39.99,37.22,low,NA,NoApples,NoAnthro,NoBirdseed,NoUnkSeed,NatPrey,NoVeg,NoGarbage,NoBerries,No,No
SC_093,SC93,DS,20190500,2019,5,NA,spring,NA,NA,Leduc Park,Developed,Walking path,0,0,NA,0,NEG,NEG,NA,NA,absent,NA,NoApples,NoAnthro,NoBirdseed,NoUnkSeed,NatPrey,NoVeg,NoGarbage,NoBerries,No,No
SC_094,SC94,AH,20190110.09,2019,1,10,winter,53.48007662,-113.6083388,terwillegar dog park,Naturalized,Dog park,0,0,NA,0,NEG,NEG,NA,NA,absent,NA,NoApples,NoAnthro,NoBirdseed,NoUnkSeed,NatPrey,NoVeg,NoGarbage,NoBerries,No,No
SC_096,SC96,MR,20190310.14,2019,3,10,winter,53.47513794,-113.640384,Wedgewood Ravine,Forest,Dog park,0,0,NA,0,WEAK POS (low copy number),WEAK POS (low copy number),40,40,very low,NA,NoApples,NoAnthro,NoBirdseed,NoUnkSeed,NatPrey,NoVeg,NoGarbage,NoBerries,No,No
SC_118,SC118,DS,20200203.12,2020,2,3,winter,53.44853791,-113.5511012,may common path,Developed,Walking path,1,1,near garden,0,NEG,NEG,NA,NA,absent,24.44,NoApples,NoAnthro,NoBirdseed,NoUnkSeed,NatPrey,NoVeg,NoGarbage,NoBerries,No,No
SC_001,SC01,DS,20181228.15,2018,12,28,winter,53.49736013,-113.4370009,Roper pond,Naturalized,Stormwater Pond,1,1,suspected feeding,0,NEG,NEG,NA,NA,absent,NA,NoApples,NoAnthro,NoBirdseed,NoUnkSeed,NatPrey,NoVeg,NoGarbage,NoBerries,No,No
SC_033,SC33,DS,20190418.08,2019,4,18,spring,53.53319955,-113.5472317,Mayfair Golf Course,Compost,Golf course,1,1,vegetation compost,0,NEG,NEG,NA,NA,absent,NA,NoApples,NoAnthro,NoBirdseed,NoUnkSeed,NatPrey,NoVeg,NoGarbage,NoBerries,No,No
SC_066,SC66,"HG, PW",20171111.12,2017,11,11,autumn,53.55040571,-113.463947,Riverside golf course,Maintained,Golf course,1,1,vegetation compost,0,NEG,NEG,NA,NA,absent,NA,NoApples,NoAnthro,NoBirdseed,NoUnkSeed,NatPrey,NoVeg,NoGarbage,NoBerries,No,No
SC_086,SC86,DS,20190331.13,2019,3,31,spring,53.53319955,-113.5472317,Mayfair Golf Course,Compost,Golf course,1,1,vegetation compost,0,NEG,NEG,NA,NA,absent,NA,NoApples,NoAnthro,NoBirdseed,NoUnkSeed,NatPrey,NoVeg,NoGarbage,NoBerries,No,No
SC_012,SC12,DS,20190319.16,2019,3,19,winter,53.50903511,-113.5639922,zoo - Laurier heights fence,Developed,Zoo,1,2,zoo compost access or near feeder,0,NEG,NEG,NA,NA,absent,NA,NoApples,NoAnthro,NoBirdseed,NoUnkSeed,NatPrey,NoVeg,NoGarbage,NoBerries,No,No
SC_186,SC186,SS,20200418.12,2020,4,18,spring,53.50903511,-113.5639922,zoo - compost outside south fence,Compost,Zoo,1,2,zoo compost access or near feeder,1,POS,POS,26.63,28.54,moderate,19.77,NoApples,NoAnthro,NoBirdseed,NoUnkSeed,NatPrey,NoVeg,NoGarbage,NoBerries,No,No
SC_205,SC205,SS,20200316.17,2020,3,16,winter,53.50903511,-113.5639922,zoo - compost outside south fence,Compost,Zoo,1,2,zoo compost access or near feeder,0,NEG,NEG,NA,NA,absent,21.99,NoApples,NoAnthro,NoBirdseed,NoUnkSeed,NatPrey,NoVeg,NoGarbage,NoBerries,No,No
SC_133,SC133,CS,20191217.14,2019,12,17,autumn,53.55047319,-113.4743361,riverview area,,,,,,0,NEG,NEG,NA,NA,absent,24.74,NoApples,NoAnthro,NoBirdseed,NoUnkSeed,NatPrey,NoVeg,NoGarbage,NoBerries,No,No
SC_148,SC148,SS,20200223.12,2020,2,23,winter,NA,NA,Epcor,,,,,,0,NEG,NEG,NA,NA,absent,25.9,NoApples,NoAnthro,NoBirdseed,NoUnkSeed,NatPrey,NoVeg,NoGarbage,NoBerries,No,No
SC_166,SC166,SS,20200306.09,2020,3,6,winter,NA,NA,Epcor,,,,,,1,POS,POS,29.44,31.5,moderate,19.49,NoApples,NoAnthro,NoBirdseed,NoUnkSeed,NatPrey,NoVeg,NoGarbage,NoBerries,No,No
SC_169,SC169,SS,20200306.08,2020,3,6,winter,NA,NA,Epcor,,,,,,1,POS,POS,25.51,27.24,high,19.56,NoApples,NoAnthro,NoBirdseed,NoUnkSeed,NatPrey,NoVeg,NoGarbage,NoBerries,No,No
SC_020,SC20,CCSC,20171202.12,2017,12,2,autumn,53.54339256,-113.4675976,Riverdale,Forest,Walking path,,,,0,NEG,NEG,NA,NA,absent,NA,NoApples,NoAnthro,NoBirdseed,NoUnkSeed,NatPrey,NoVeg,NoGarbage,NoBerries,No,No
SC_056,SC56,CCSC,20180217.13,2018,2,17,winter,53.53875408,-113.5652509,MacKinnon,Forest,Walking path,,,,0,NEG,NEG,NA,NA,absent,NA,NoApples,NoAnthro,NoBirdseed,NoUnkSeed,NatPrey,NoVeg,NoGarbage,NoBerries,No,No
SC_063,SC63,CCSC,20171118.14,2017,11,18,autumn,53.54339256,-113.4675976,Riverdale,Forest,Walking path,,,,0,NEG,NEG,NA,NA,absent,NA,NoApples,NoAnthro,NoBirdseed,NoUnkSeed,NatPrey,NoVeg,NoGarbage,NoBerries,No,No
SC_076,SC76,CCSC,20171212.1,2017,12,12,autumn,53.54339256,-113.4675976,Riverdale,Forest,Walking path,,,,0,NEG,NEG,NA,NA,absent,NA,NoApples,NoAnthro,NoBirdseed,NoUnkSeed,NatPrey,NoVeg,NoGarbage,NoBerries,No,No
SC_083,SC83,CCSC,20190516.16,2019,5,16,spring,NA,NA,Epcor,Forest,Walking path,,,,0,NEG,NEG,NA,NA,absent,NA,NoApples,NoAnthro,NoBirdseed,NoUnkSeed,NatPrey,NoVeg,NoGarbage,NoBerries,No,No
SC_089,SC89,CCSC,20190331.11,2019,3,31,spring,53.50350358,-113.5165289,Parkallen,Developed,Residential,,,,0,NEG,NEG,NA,NA,absent,NA,NoApples,NoAnthro,NoBirdseed,NoUnkSeed,NatPrey,NoVeg,NoGarbage,NoBerries,No,No
SC_251,SC251,DS,20200412.12,2020,4,12,spring,53.56163057,-113.4365123,highlands golf course,Maintained,Golf course,1,1,fruit trees,0,NEG,NEG,NA,NA,absent,27.64,NoApples,NoAnthro,NoBirdseed,NoUnkSeed,NatPrey,Veg,NoGarbage,Berries,No,No
SC_002,SC02,CCSC,20190314.15,2019,3,14,winter,53.51886046,-113.5401069,Hawrelak dog park,Forest,Dog park,0,0,NA,0,NEG,NEG,NA,NA,absent,NA,NoApples,NoAnthro,NoBirdseed,NoUnkSeed,NatPrey,Veg,NoGarbage,Berries,No,No
SC_029,SC29,JF,20190317.15,2019,3,17,winter,53.65955774,-113.5851451,Riverlot 56 Natural Area,Naturalized,Walking path,0,0,NA,0,NEG,NEG,NA,NA,absent,NA,NoApples,NoAnthro,NoBirdseed,NoUnkSeed,NatPrey,Veg,NoGarbage,Berries,No,No
SC_042,SC42,DS,20190402.1,2019,4,2,spring,53.49588508,-113.5425332,University Farm,Naturalized,Walking path,0,0,NA,0,NEG,NEG,NA,NA,absent,NA,NoApples,NoAnthro,NoBirdseed,NoUnkSeed,NatPrey,Veg,NoGarbage,Berries,No,No
SC_068,SC68,,20171024.15,2017,10,24,autumn,53.51865633,-113.5399031,Hawrelak dog park,Forest,Dog park,0,0,NA,0,NEG,NEG,NA,NA,absent,NA,NoApples,NoAnthro,NoBirdseed,NoUnkSeed,NatPrey,Veg,NoGarbage,Berries,No,No
SC_202,SC202,SS,20200329.15,2020,3,29,spring,53.44739355,-113.5869415,Thibault pond,Developed,Stormwater Pond,1,1,"birdfeeders, suspected feeding",0,NEG,NEG,NA,NA,absent,22.1,NoApples,NoAnthro,NoBirdseed,NoUnkSeed,NatPrey,Veg,NoGarbage,NoBerries,No,No
SC_193,SC193,SS,20200418.14,2020,4,18,spring,53.45985952,-113.5585427,Hodgeson pond ,Developed,Stormwater Pond,1,2,excessive birdseed,0,NEG,NEG,NA,NA,absent,19.79,NoApples,NoAnthro,NoBirdseed,NoUnkSeed,NatPrey,Veg,NoGarbage,NoBerries,No,No
SC_003,SC03,AH,20190402.07,2019,4,2,spring,53.48007662,-113.6083388,terwillegar dog park,Naturalized,Dog park,0,0,NA,0,NEG,NEG,NA,NA,absent,NA,NoApples,NoAnthro,NoBirdseed,NoUnkSeed,NatPrey,Veg,NoGarbage,NoBerries,No,No
SC_005,SC05,MR,20190317.15,2019,3,17,winter,53.50562366,-113.6085191,Westridge Park,Forest,Dog park,0,0,NA,0,NEG,NEG,NA,NA,absent,NA,NoApples,NoAnthro,NoBirdseed,NoUnkSeed,NatPrey,Veg,NoGarbage,NoBerries,No,No
SC_006,SC06,DS,20181228.13,2018,12,28,winter,53.46853626,-113.3640629,Tamarack ,Developed,Residential,0,0,NA,1,POS,POS,39.99,38.5,low,NA,NoApples,NoAnthro,NoBirdseed,NoUnkSeed,NatPrey,Veg,NoGarbage,NoBerries,No,No
SC_117,SC117,DS,20200103.12,2020,1,3,winter,53.51865633,-113.5399031,Hawrelak dog park,Forest,Dog park,0,0,NA,0,NEG,NEG,NA,NA,absent,24.74,NoApples,NoAnthro,NoBirdseed,NoUnkSeed,NatPrey,Veg,NoGarbage,NoBerries,No,No
SC_227,SC227,DS,20200410.13,2020,4,10,spring,53.46523148,-113.3782119,silverberry pond,Naturalized,Stormwater Pond,0,0,NA,0,NEG,NEG,NA,NA,absent,20.55,NoApples,NoAnthro,NoBirdseed,NoUnkSeed,NatPrey,Veg,NoGarbage,NoBerries,No,No
SC_027,SC27,AH,20190326.17,2019,3,26,spring,53.48007662,-113.6083388,terwillegar dog park,Naturalized,Dog park,0,0,NA,0,NEG,NEG,NA,NA,absent,NA,NoApples,NoAnthro,NoBirdseed,NoUnkSeed,NatPrey,Veg,NoGarbage,NoBerries,No,No
SC_030,SC30,DS,20190208.1,2019,2,8,winter,53.4867011,-113.5526451,Landsdowne Ravine,Forest,Walking path,0,0,NA,0,NEG,NEG,NA,NA,absent,NA,NoApples,NoAnthro,NoBirdseed,NoUnkSeed,NatPrey,Veg,NoGarbage,NoBerries,No,No
SC_050,SC50,RS,20190305.11,2019,3,5,winter,53.53385086,-113.5366481,Emily Murphy Park,Forest,Walking path,0,0,NA,0,NEG,NEG,NA,NA,absent,NA,NoApples,NoAnthro,NoBirdseed,NoUnkSeed,NatPrey,Veg,NoGarbage,NoBerries,No,No
SC_054,SC54,BU,20180323.15,2018,3,23,spring,53.52304016,-113.4771292,Millcreek,Forest,Walking path,0,0,NA,0,NEG,NEG,NA,NA,absent,NA,NoApples,NoAnthro,NoBirdseed,NoUnkSeed,NatPrey,Veg,NoGarbage,NoBerries,No,No
SC_074,SC74,"DZ, JL",20190519.16,2019,5,19,spring,53.47160602,-113.6633931,Edgemont Park,Naturalized,Stormwater Pond,0,0,NA,0,NEG,NEG,NA,NA,absent,NA,NoApples,NoAnthro,NoBirdseed,NoUnkSeed,NatPrey,Veg,NoGarbage,NoBerries,No,No
SC_106,SC106,JK,20190910.08,2019,9,10,summer,53.4261588,-113.6332502,"181 ST, 8 Ave",Maintained,Residential,1,1,private garden,1,POS,POS,39.99,36.39,low,NA,NoApples,NoAnthro,NoBirdseed,NoUnkSeed,NatPrey,Veg,NoGarbage,NoBerries,No,No
SC_240,SC240,CCSC,20200404.14,2020,4,4,spring,53.49736013,-113.4370009,Roper pond,Naturalized,Stormwater Pond,1,1,suspected feeding,0,NEG,NEG,NA,NA,absent,21.33,NoApples,NoAnthro,NoBirdseed,NoUnkSeed,NatPrey,Veg,NoGarbage,NoBerries,No,No
SC_220,SC220,DS,20200407.12,2020,4,7,spring,53.57012561,-113.3788992,rundle gc compost,Compost,Golf course,1,1,vegetation compost,0,NEG,NEG,NA,NA,absent,21.93,NoApples,NoAnthro,NoBirdseed,NoUnkSeed,NatPrey,Veg,NoGarbage,NoBerries,No,No
SC_018,SC18,DS,20170816,2017,8,16,summer,53.50903511,-113.5639922,zoo - compost outside south fence,Compost,Compost,1,2,zoo compost access or near feeder,1,POS,POS,36,37.8,low,NA,NoApples,NoAnthro,NoBirdseed,NoUnkSeed,NatPrey,Veg,NoGarbage,NoBerries,No,No
SC_181,SC181,SS,20200306.1,2020,3,6,winter,53.50903511,-113.5639922,zoo - compost outside south fence,Compost,Zoo,1,2,zoo compost access or near feeder,0,NEG,NEG,NA,NA,absent,19.91,NoApples,NoAnthro,NoBirdseed,NoUnkSeed,NatPrey,Veg,NoGarbage,NoBerries,No,No
SC_019,SC19,DS,20170816,2017,8,16,summer,53.51019456,-113.5612747,zoo - compost inside fence,Compost,Compost,1,2,zoo compost access or near feeder,0,WEAK POS (low copy number),WEAK POS (low copy number),40,40,very low,NA,NoApples,NoAnthro,NoBirdseed,NoUnkSeed,NatPrey,Veg,NoGarbage,NoBerries,No,No
SC_208,SC208,SS,20200329.13,2020,3,29,spring,53.50903511,-113.5639922,zoo - compost outside south fence,Compost,Zoo,1,2,zoo compost access or near feeder,0,NEG,NEG,NA,NA,absent,29.07,NoApples,NoAnthro,NoBirdseed,NoUnkSeed,NatPrey,Veg,NoGarbage,NoBerries,No,No
SC_224,SC224,CCSC,20200502,2020,5,2,spring,NA,NA,"penner yard, coyote den under house",Developed,Residential,,,,0,NEG,NEG,NA,NA,absent,21.45,NoApples,NoAnthro,NoBirdseed,NoUnkSeed,NatPrey,Veg,NoGarbage,NoBerries,No,No
SC_024,SC24,,20170900,2017,9,NA,autumn,53.56432602,-113.4183913,"River Valley Trail N Side, 50St",Forest,Dog park,,,,0,NEG,NEG,NA,NA,absent,NA,NoApples,NoAnthro,NoBirdseed,NoUnkSeed,NatPrey,Veg,NoGarbage,NoBerries,No,No
SC_194,SC194,SS,20200329.15,2020,3,29,spring,53.44739355,-113.5869415,Thibault pond,Developed,Stormwater Pond,1,1,"birdfeeders, suspected feeding",0,NEG,NEG,NA,NA,absent,22.06,NoApples,NoAnthro,NoBirdseed,NoUnkSeed,NoNatPrey,NoVeg,NoGarbage,Berries,No,No
SC_043,SC43,DS,20190117.11,2019,1,17,winter,53.48298846,-113.4273318,Mill Woods Golf Course,Maintained,Golf course,0,0,NA,0,NEG,NEG,NA,NA,absent,NA,NoApples,NoAnthro,NoBirdseed,NoUnkSeed,NoNatPrey,NoVeg,NoGarbage,Berries,No,No
SC_104,SC104,JK,20190809.08,2019,8,9,summer,53.4261588,-113.6332502,"181 ST, 8 Ave",Maintained,Residential,1,1,private garden,0,NEG,NEG,NA,NA,absent,NA,NoApples,NoAnthro,NoBirdseed,NoUnkSeed,NoNatPrey,NoVeg,NoGarbage,Berries,No,No
SC_013,SC13,DS,20190319.16,2019,3,19,winter,53.50903511,-113.5639922,zoo - compost outside south fence,Compost,Zoo,1,2,zoo compost access or near feeder,0,NEG,NEG,NA,NA,absent,NA,NoApples,NoAnthro,NoBirdseed,NoUnkSeed,NoNatPrey,NoVeg,NoGarbage,Berries,No,No
SC_225,SC225,DS,20200416.17,2020,4,16,spring,53.55440172,-113.4073654,gold bar park,Maintained,Dog park,1,1,fruit trees,0,NEG,NEG,NA,NA,absent,21.67,NoApples,NoAnthro,NoBirdseed,NoUnkSeed,NoNatPrey,Veg,NoGarbage,Berries,No,No
SC_088,SC88,DS,20190217.09,2019,2,17,winter,53.52498494,-113.516037,South Campus compost,Compost,Compost,1,2,large compost,0,WEAK POS (low copy number),WEAK POS (low copy number),40,40,very low,NA,NoApples,NoAnthro,NoBirdseed,NoUnkSeed,NoNatPrey,Veg,NoGarbage,Berries,No,No
SC_015,SC15,MR,20190317.15,2019,3,17,winter,53.50562366,-113.6085191,Westridge Park,Forest,Dog park,0,0,NA,0,NEG,NEG,NA,NA,absent,NA,NoApples,NoAnthro,NoBirdseed,NoUnkSeed,NoNatPrey,Veg,NoGarbage,Berries,No,No
SC_040,SC40,DS,20190131.1,2019,1,31,winter,53.60951723,-113.5720073,Rampart Industrial Pond,Naturalized,Stormwater Pond,0,0,NA,0,NEG,NEG,NA,NA,absent,NA,NoApples,NoAnthro,NoBirdseed,NoUnkSeed,NoNatPrey,Veg,NoGarbage,Berries,No,No
SC_090,SC90,DS,20190319.14,2019,3,19,winter,NA,NA,91 St dog park,Naturalized,Dog park,0,0,NA,0,NEG,NEG,NA,NA,absent,NA,NoApples,NoAnthro,NoBirdseed,NoUnkSeed,NoNatPrey,Veg,NoGarbage,Berries,No,No
SC_031,SC31,CCSC,20190208.1,2019,2,8,winter,53.52780169,-113.5154537,south campus trails,Naturalized,Walking path,1,1,near farm,1,POS,POS,35,38.12,low,NA,NoApples,NoAnthro,NoBirdseed,NoUnkSeed,NoNatPrey,Veg,NoGarbage,Berries,No,No
SC_107,SC107,JK,20190925.08,2019,9,25,autumn,53.4261588,-113.6332502,"181 ST, 8 Ave",Maintained,Residential,1,1,private garden,0,NEG,NEG,NA,NA,absent,NA,NoApples,NoAnthro,NoBirdseed,NoUnkSeed,NoNatPrey,Veg,NoGarbage,Berries,No,No
SC_100,SC100,"DS, CCSC",20190331.11,2019,3,31,spring,53.50350358,-113.5165289,Parkallen,Developed,Residential,,,,0,NEG,NEG,NA,NA,absent,NA,NoApples,NoAnthro,NoBirdseed,NoUnkSeed,NoNatPrey,Veg,NoGarbage,Berries,No,No
SC_011,SC11,DS,20190220.09,2019,2,20,winter,53.55105769,-113.5658438,142ST traffic circle,Developed,Residential,1,1,feeding has occurred here,0,NEG,NEG,NA,NA,absent,NA,NoApples,NoAnthro,NoBirdseed,NoUnkSeed,NoNatPrey,Veg,NoGarbage,NoBerries,No,No
SC_041,SC41,CCSC,20180816.11,2018,8,16,summer,53.4484378,-113.5294687,Blackmud Creek,Forest,Walking path,0,0,NA,0,NEG,NEG,NA,NA,absent,NA,NoApples,NoAnthro,NoBirdseed,NoUnkSeed,NoNatPrey,Veg,NoGarbage,NoBerries,No,No
SC_052,SC52,"CS, RG",20180724.13,2018,7,24,summer,53.51019456,-113.5612747,zoo - compost inside fence,Compost,Compost,1,2,zoo compost access or near feeder,1,POS,POS,35,37.23,low,NA,NoApples,NoAnthro,NoBirdseed,NoUnkSeed,NoNatPrey,Veg,NoGarbage,NoBerries,No,No
SC_270,SC270,DS,20200225.14,2020,2,25,winter,53.5608597,-113.6749697,clean it green it,Compost,Compost,1,2,hyperabundant compost,0,NEG,NEG,NA,NA,absent,27.88,NoApples,NoAnthro,NoBirdseed,NoUnkSeed,NoNatPrey,NoVeg,NoGarbage,NoBerries,Unk,Unk
SC_073,SC73,BU,20180718.15,2018,7,18,summer,53.52304016,-113.4771292,Millcreek,Forest,Walking path,0,0,NA,0,NEG,NEG,NA,NA,absent,NA,NoApples,NoAnthro,NoBirdseed,NoUnkSeed,NoNatPrey,NoVeg,NoGarbage,NoBerries,Unk,Unk
SC_087,SC87,DS,20190402.1,2019,4,2,spring,53.49588508,-113.5425332,University Farm,Naturalized,Walking path,0,0,NA,0,NEG,NEG,NA,NA,absent,NA,NoApples,NoAnthro,NoBirdseed,NoUnkSeed,NoNatPrey,NoVeg,NoGarbage,NoBerries,Unk,Unk
SC_065,SC65,DS,20170816,2017,8,16,summer,53.51019456,-113.5612747,zoo - compost inside fence,Compost,Compost,1,2,zoo compost access or near feeder,1,POS,POS,39.99,35.63,low,NA,NoApples,NoAnthro,NoBirdseed,NoUnkSeed,NoNatPrey,NoVeg,NoGarbage,NoBerries,Unk,Unk
SC_022,SC22,CCSC (saw coyote poop),20190325.1,2019,3,25,spring,53.50257513,-113.5185394,Parkallen Park (68 Ave E of 113St),Developed,Residential,,,,0,NEG,NEG,NA,NA,absent,NA,NoApples,NoAnthro,NoBirdseed,NoUnkSeed,NoNatPrey,NoVeg,NoGarbage,NoBerries,Unk,Unk
SC_140,SC140,CCSC,20200201.1,2020,2,1,winter,53.53368093,-113.5474603,mayfair golf course,Maintained,Golf course,0,0,NA,0,NEG,NEG,NA,NA,absent,23.93,Apples,NoAnthro,Birdseed,NoUnkSeed,NatPrey,Veg,NoGarbage,Berries,Yes,Yes
SC_172,SC172,SS,20200306.09,2020,3,6,winter,NA,NA,Epcor,,,,,,1,POS,POS,32.63,35.43,low,19.78,Apples,NoAnthro,Birdseed,NoUnkSeed,NatPrey,Veg,NoGarbage,NoBerries,Yes,Yes
SC_177,SC177,SS,20200418.16,2020,4,18,spring,53.49736013,-113.4370009,Roper pond,Naturalized,Stormwater Pond,1,1,suspected feeding,0,NEG,NEG,NA,NA,absent,19.16,Apples,NoAnthro,Birdseed,NoUnkSeed,NoNatPrey,Veg,NoGarbage,NoBerries,Yes,Yes
SC_007,SC07,DS,20190319.17,2019,3,19,winter,53.55820648,-113.4560358,Kinnard,Forest,Walking path,0,0,NA,0,NEG,NEG,NA,NA,absent,NA,Apples,NoAnthro,NoBirdseed,NoUnkSeed,NatPrey,NoVeg,Garbage,NoBerries,Yes,Yes
SC_053,SC53,HG,20190117.16,2019,1,17,winter,53.51865633,-113.5399031,Hawrelak dog park,Forest,Dog park,0,0,NA,1,POS,POS,35,36.42,low,NA,Apples,NoAnthro,NoBirdseed,NoUnkSeed,NatPrey,NoVeg,NoGarbage,Berries,Yes,Yes
SC_070,SC70,CS,20190327.15,2019,3,27,spring,53.60557426,-113.3800207,Bannerman,Forest,Walking path,0,0,NA,0,NEG,NEG,NA,NA,absent,NA,Apples,NoAnthro,NoBirdseed,NoUnkSeed,NatPrey,NoVeg,NoGarbage,Berries,Yes,Yes
SC_080,SC80,DS,20190320.17,2019,3,20,winter,53.53319955,-113.5472317,Mayfair Golf Course,Compost,Golf course,1,1,vegetation compost,0,NEG,NEG,NA,NA,absent,NA,Apples,NoAnthro,NoBirdseed,NoUnkSeed,NatPrey,NoVeg,NoGarbage,Berries,Yes,Yes
SC_071,SC71,CCSC,20171126.12,2017,11,26,autumn,53.54339256,-113.4675976,Riverdale,Forest,Walking path,,,,0,NEG,NEG,NA,NA,absent,NA,Apples,NoAnthro,NoBirdseed,NoUnkSeed,NatPrey,NoVeg,NoGarbage,Berries,Yes,Yes
SC_241,SC241,CCSC,20200323.16,2020,3,23,spring,53.51886046,-113.5401069,hawrelak dog park,Forest,Dog park,1,1,birdfeeder,0,NEG,NEG,NA,NA,absent,21.5,Apples,NoAnthro,NoBirdseed,NoUnkSeed,NatPrey,NoVeg,NoGarbage,NoBerries,Yes,Yes
SC_123,SC123,DS,20200203.13,2020,2,3,winter,53.44853791,-113.5511012,may common pond,Developed,Stormwater Pond,1,1,"birdfeeder, fruit trees",0,NEG,NEG,NA,NA,absent,22.75,Apples,NoAnthro,NoBirdseed,NoUnkSeed,NatPrey,NoVeg,NoGarbage,NoBerries,Yes,Yes
SC_167,SC167,SS,20200418.14,2020,4,18,spring,53.44739355,-113.5869415,Thibault pond,Developed,Stormwater Pond,1,1,"birdfeeders, suspected feeding",0,NEG,NEG,NA,NA,absent,19.64,Apples,NoAnthro,NoBirdseed,NoUnkSeed,NatPrey,NoVeg,NoGarbage,NoBerries,Yes,Yes
SC_243,SC243,DS,20200416.17,2020,4,16,spring,53.55440172,-113.4073654,gold bar park,Maintained,Dog park,1,1,fruit trees,1,NEG,POS,NA,39.48,low,18.59,Apples,NoAnthro,NoBirdseed,NoUnkSeed,NatPrey,NoVeg,NoGarbage,NoBerries,Yes,Yes
SC_075,SC75,"HG, PW",20171126.11,2017,11,26,autumn,53.55440172,-113.4073654,Gold Bar Park,Maintained,Dog park,1,1,fruit trees,0,NEG,NEG,NA,NA,absent,NA,Apples,NoAnthro,NoBirdseed,NoUnkSeed,NatPrey,NoVeg,NoGarbage,NoBerries,Yes,Yes
SC_101,SC101,AW,20191113.06,2019,11,13,autumn,53.44154145,-113.5602891,Mactaggart Residential,Developed,Residential,0,0,NA,0,NEG,NEG,NA,NA,absent,NA,Apples,NoAnthro,NoBirdseed,NoUnkSeed,NatPrey,NoVeg,NoGarbage,NoBerries,Yes,Yes
SC_247,SC247,DS,20200224.13,2020,2,24,winter,53.48298846,-113.4273318,Mill Woods Golf Course,Maintained,Golf course,0,0,NA,0,NEG,NEG,NA,NA,absent,21.89,Apples,NoAnthro,NoBirdseed,NoUnkSeed,NatPrey,NoVeg,NoGarbage,NoBerries,Yes,Yes
SC_242,SC242,CCSC,20200404.14,2020,4,4,spring,53.49736013,-113.4370009,Roper pond,Naturalized,Stormwater Pond,1,1,suspected feeding,1,NEG,POS,NA,36.78,low,21.77,Apples,NoAnthro,NoBirdseed,NoUnkSeed,NatPrey,NoVeg,NoGarbage,NoBerries,Yes,Yes
SC_138,SC138,SS,20200223.12,2020,2,23,winter,NA,NA,Epcor,,,,,,0,NEG,NEG,NA,NA,absent,18.19,Apples,NoAnthro,NoBirdseed,NoUnkSeed,NatPrey,NoVeg,NoGarbage,NoBerries,Yes,Yes
SC_215,SC215,SS,20200329.13,2020,3,29,spring,53.51014818,-113.5632142,"Laurier drive, in yard",Developed,Residential,1,2,Feeding occurs here,0,NEG,NEG,NA,NA,absent,21.66,Apples,NoAnthro,NoBirdseed,NoUnkSeed,NatPrey,Veg,Garbage,NoBerries,Yes,Yes
SC_222,SC222,DS,20200407.12,2020,4,7,spring,53.56163057,-113.4365123,highlands golf course,Maintained,Golf course,1,1,fruit trees,0,NEG,NEG,NA,NA,absent,22.14,Apples,NoAnthro,NoBirdseed,NoUnkSeed,NatPrey,Veg,Garbage,NoBerries,Yes,Yes
SC_037,SC37,CCSC,20190314.11,2019,3,14,winter,53.51886046,-113.5401069,Hawrelak dog park,Forest,Dog park,0,0,NA,0,NEG,NEG,NA,NA,absent,NA,Apples,NoAnthro,NoBirdseed,NoUnkSeed,NatPrey,Veg,Garbage,NoBerries,Yes,Yes
SC_082,SC82,DS,20190402.09,2019,4,2,spring,53.52780169,-113.5154537,south campus trails,Naturalized,Walking path,1,1,near farm,1,POS,POS,39.99,37.79,low,NA,Apples,NoAnthro,NoBirdseed,NoUnkSeed,NatPrey,Veg,NoGarbage,Berries,Yes,Yes
SC_126,SC126,DS,20200203.13,2020,2,3,winter,53.44853791,-113.5511012,may common pond,Developed,Stormwater Pond,1,1,"birdfeeder, fruit trees",0,NEG,NEG,NA,NA,absent,19.64,Apples,NoAnthro,NoBirdseed,NoUnkSeed,NatPrey,Veg,NoGarbage,NoBerries,Yes,Yes
SC_164,SC164,SS,20200418.15,2020,4,18,spring,53.44895241,-113.5512618,may common garden,Developed,Walking path,1,1,community garden ,0,NEG,NEG,NA,NA,absent,19.62,Apples,NoAnthro,NoBirdseed,NoUnkSeed,NatPrey,Veg,NoGarbage,NoBerries,Yes,Yes
SC_137,SC137,SS,20200215.17,2020,2,15,winter,53.55105769,-113.5658438,142 ST Traffic Circle,Developed,Residential,1,1,feeding has occurred here,0,NEG,NEG,NA,NA,absent,24.52,Apples,NoAnthro,NoBirdseed,NoUnkSeed,NatPrey,Veg,NoGarbage,NoBerries,Yes,Yes
SC_025,SC25,"DS, BU",20190301.18,2019,3,1,winter,53.52498494,-113.516037,South Campus compost,Compost,Compost,1,2,large compost,1,POS,POS,30,32.07,low,NA,Apples,NoAnthro,NoBirdseed,NoUnkSeed,NatPrey,Veg,NoGarbage,NoBerries,Yes,Yes
SC_188,SC188,SS,20200418.16,2020,4,18,spring,53.49736013,-113.4370009,Roper pond,Naturalized,Stormwater Pond,1,1,suspected feeding,0,NEG,NEG,NA,NA,absent,18.54,Apples,NoAnthro,NoBirdseed,NoUnkSeed,NatPrey,Veg,NoGarbage,NoBerries,Yes,Yes
SC_008,SC08,DS,20190319.16,2019,3,19,winter,53.50903511,-113.5639922,zoo - compost outside W fence,Forest,Zoo,1,2,zoo compost access or near feeder,1,POS,POS,39.99,36,low,NA,Apples,NoAnthro,NoBirdseed,NoUnkSeed,NatPrey,Veg,NoGarbage,NoBerries,Yes,Yes
SC_149,SC149,DS,20200223.14,2020,2,23,winter,53.51019456,-113.5612747,zoo - compost inside fence,Compost,Compost,1,2,zoo compost access or near feeder,1,POS,POS,30.16,32.95,low,22.05,Apples,NoAnthro,NoBirdseed,NoUnkSeed,NatPrey,Veg,NoGarbage,NoBerries,Yes,Yes
SC_150,SC150,SS,20200223.13,2020,2,23,winter,NA,NA,Epcor,,,,,,0,NEG,NEG,NA,NA,absent,25.83,Apples,NoAnthro,NoBirdseed,NoUnkSeed,NatPrey,Veg,NoGarbage,NoBerries,Yes,Yes
SC_161,SC161,SS,20200223.13,2020,2,23,winter,NA,NA,Epcor,,,,,,0,NEG,NEG,NA,NA,absent,24.67,Apples,NoAnthro,NoBirdseed,NoUnkSeed,NatPrey,Veg,NoGarbage,NoBerries,Yes,Yes
SC_069,SC69,CCSC,20181200,2018,12,NA,winter,53.55105769,-113.5658438,142 ST Traffic Circle,Developed,Residential,1,1,feeding has occurred here,1,POS,POS,39.99,37.65,low,NA,Apples,NoAnthro,NoBirdseed,NoUnkSeed,NoNatPrey,NoVeg,NoGarbage,Berries,Yes,Yes
SC_102,SC102,DS,20191113.14,2019,11,13,autumn,53.51865633,-113.5399031,Hawrelak dog park,Forest,Dog park,0,0,NA,0,NEG,NEG,NA,NA,absent,NA,Apples,NoAnthro,NoBirdseed,NoUnkSeed,NoNatPrey,NoVeg,NoGarbage,Berries,Yes,Yes
SC_028,SC28,"DS, MO",20190220.1,2019,2,20,winter,53.57409681,-113.5171404,Municipal airport,Naturalized,Industrial,1,2,sometimes feed,1,POS,POS,35,38.27,low,NA,Apples,NoAnthro,NoBirdseed,NoUnkSeed,NoNatPrey,NoVeg,NoGarbage,Berries,Yes,Yes
SC_189,SC189,SS,20200306.07,2020,3,6,winter,NA,NA,Epcor,,,,,,0,NEG,NEG,NA,NA,absent,19.5,Apples,NoAnthro,NoBirdseed,NoUnkSeed,NoNatPrey,NoVeg,NoGarbage,Berries,Yes,Yes
SC_165,SC165,SS,20200418.14,2020,4,18,spring,53.44739355,-113.5869415,Thibault pond,Developed,Stormwater Pond,1,1,"birdfeeders, suspected feeding",0,NEG,NEG,NA,NA,absent,19.73,Apples,NoAnthro,NoBirdseed,NoUnkSeed,NoNatPrey,NoVeg,NoGarbage,NoBerries,Yes,Yes
SC_168,SC168,SS,20200418.14,2020,4,18,spring,53.44739355,-113.5869415,Thibault pond,Developed,Stormwater Pond,1,1,"birdfeeders, suspected feeding",1,NEG,POS,NA,37.73,low,18.49,Apples,NoAnthro,NoBirdseed,NoUnkSeed,NoNatPrey,NoVeg,NoGarbage,NoBerries,Yes,Yes
SC_130,SC130,DS,20200203.13,2020,2,3,winter,53.45985952,-113.5585427,hodgeson pond,Developed,Stormwater Pond,1,2,excessive birdseed,0,NEG,NEG,NA,NA,absent,24.84,Apples,NoAnthro,NoBirdseed,NoUnkSeed,NoNatPrey,NoVeg,NoGarbage,NoBerries,Yes,Yes
SC_238,SC238,DS,20200407.12,2020,4,7,spring,53.56163057,-113.4365123,highlands golf course,Maintained,Golf course,1,1,fruit trees,1,POS,POS,30.78,33.1,low,21.65,Apples,NoAnthro,NoBirdseed,NoUnkSeed,NoNatPrey,NoVeg,NoGarbage,NoBerries,Yes,Yes
SC_064,SC64,"HG, PW",20171126.11,2017,11,26,autumn,53.55440172,-113.4073654,Gold Bar Park,Maintained,Dog park,1,1,fruit trees,0,NEG,NEG,NA,NA,absent,NA,Apples,NoAnthro,NoBirdseed,NoUnkSeed,NoNatPrey,NoVeg,NoGarbage,NoBerries,Yes,Yes
SC_157,SC157,DS,20200207.14,2020,2,7,winter,53.48004141,-113.4204795,millcreek dog park N,Forest,Dog park,0,0,NA,0,NEG,NEG,NA,NA,absent,21.88,Apples,NoAnthro,NoBirdseed,NoUnkSeed,NoNatPrey,NoVeg,NoGarbage,NoBerries,Yes,Yes
SC_178,SC178,SS,20200418.16,2020,4,18,spring,53.49736013,-113.4370009,Roper pond,Naturalized,Stormwater Pond,1,1,suspected feeding,0,NEG,NEG,NA,NA,absent,19.54,Apples,NoAnthro,NoBirdseed,NoUnkSeed,NoNatPrey,NoVeg,NoGarbage,NoBerries,Yes,Yes
SC_163,SC163,SS,20200209.13,2020,2,9,winter,NA,NA,Epcor,,,,,,0,NEG,NEG,NA,NA,absent,35.11,Apples,NoAnthro,NoBirdseed,NoUnkSeed,NoNatPrey,NoVeg,NoGarbage,NoBerries,Yes,Yes
SC_213,SC213,SS,20200329.15,2020,3,29,spring,53.44739355,-113.5869415,Thibault pond,Developed,Stormwater Pond,1,1,"birdfeeders, suspected feeding",1,POS,POS,36.32,38.32,low,21.75,Apples,NoAnthro,NoBirdseed,NoUnkSeed,NoNatPrey,Veg,Garbage,NoBerries,Yes,Yes
SC_026,SC26,CCSC,20190209.1,2019,2,9,winter,53.52498494,-113.516037,South Campus compost,Compost,Compost,1,2,large compost,1,POS,POS,31,32.27,low,NA,Apples,NoAnthro,NoBirdseed,NoUnkSeed,NoNatPrey,Veg,NoGarbage,Berries,Yes,Yes
SC_046,SC46,DS,20190117.12,2019,1,17,winter,53.48298846,-113.4273318,Mill Woods Golf Course,Maintained,Golf course,0,0,NA,0,NEG,NEG,NA,NA,absent,NA,Apples,NoAnthro,NoBirdseed,NoUnkSeed,NoNatPrey,Veg,NoGarbage,Berries,Yes,Yes
SC_077,SC77,BU,20180718.16,2018,7,18,summer,53.52304016,-113.4771292,Millcreek,Forest,Walking path,0,0,NA,0,NEG,NEG,NA,NA,absent,NA,Apples,NoAnthro,NoBirdseed,NoUnkSeed,NoNatPrey,Veg,NoGarbage,Berries,Yes,Yes
SC_081,SC81,DS,20190402.1,2019,4,2,spring,53.52780169,-113.5154537,south campus trails,Naturalized,Walking path,1,1,near farm,0,NEG,NEG,NA,NA,absent,NA,Apples,NoAnthro,NoBirdseed,NoUnkSeed,NoNatPrey,Veg,NoGarbage,Berries,Yes,Yes
SC_021,SC21,CCSC,20171125.08,2017,11,25,autumn,53.54339256,-113.4675976,Riverdale,Forest,Walking path,,,,0,WEAK POS (low copy number),WEAK POS (low copy number),40,40,very low,NA,Apples,NoAnthro,NoBirdseed,NoUnkSeed,NoNatPrey,Veg,NoGarbage,Berries,Yes,Yes
SC_221,SC221,DS,20200412.12,2020,4,12,spring,53.56163057,-113.4365123,highlands golf course,Maintained,Golf course,1,1,fruit trees,1,POS,POS,31.5,34.66,low,21.74,Apples,NoAnthro,NoBirdseed,NoUnkSeed,NoNatPrey,Veg,NoGarbage,NoBerries,Yes,Yes
SC_111,SC111,CCSC,20191230,2019,12,30,winter,53.53368093,-113.5474603,mayfair golf,Maintained,Golf course,0,0,NA,0,NEG,NEG,NA,NA,absent,25.68,Apples,NoAnthro,NoBirdseed,NoUnkSeed,NoNatPrey,Veg,NoGarbage,NoBerries,Yes,Yes
SC_047,SC47,CCSC,20190104.16,2019,1,4,winter,53.52994986,-113.5663076,McKenzie Bomb Shelter,Forest,Walking path,0,0,NA,0,NEG,NEG,NA,NA,absent,NA,Apples,NoAnthro,NoBirdseed,NoUnkSeed,NoNatPrey,Veg,NoGarbage,NoBerries,Yes,Yes
SC_174,SC174,SS,20200306.1,2020,3,6,winter,53.50903511,-113.5639922,zoo - compost outside south fence,Compost,Zoo,1,2,zoo compost access or near feeder,0,NEG,NEG,NA,NA,absent,19.64,Apples,NoAnthro,NoBirdseed,NoUnkSeed,NoNatPrey,Veg,NoGarbage,NoBerries,Yes,Yes
SC_218,SC218,SS,20200329.13,2020,3,29,spring,53.50903511,-113.5639922,zoo - compost outside south fence,Compost,Zoo,1,2,zoo compost access or near feeder,1,POS,POS,28.66,29.85,moderate,21.71,Apples,NoAnthro,NoBirdseed,NoUnkSeed,NoNatPrey,Veg,NoGarbage,NoBerries,Yes,Yes
SC_160,SC160,SS,20200209.13,2020,2,9,winter,NA,NA,Epcor,,,,,,0,NEG,NEG,NA,NA,absent,22.89,Apples,NoAnthro,NoBirdseed,NoUnkSeed,NoNatPrey,Veg,NoGarbage,NoBerries,Yes,Yes
SC_017,SC17,CH,20190319.17,2019,3,19,winter,53.56017857,-113.4658426,Cromdale,Developed,Residential,1,1,private garden,0,NEG,NEG,NA,NA,absent,NA,NoApples,Anthro,NoBirdseed,NoUnkSeed,NatPrey,NoVeg,NoGarbage,Berries,Yes,Yes
SC_196,SC196,SS,20200418.12,2020,4,18,spring,53.50903511,-113.5639922,zoo - compost outside W fence,Forest,Zoo,1,2,zoo compost access or near feeder,0,NEG,NEG,NA,NA,absent,21.67,NoApples,Anthro,NoBirdseed,NoUnkSeed,NatPrey,NoVeg,NoGarbage,NoBerries,Yes,Yes
SC_269,SC269,DS,20200225.14,2020,2,25,winter,53.5608597,-113.6749697,clean it green it,Compost,Compost,1,2,hyperabundant compost,0,NEG,NEG,NA,NA,absent,24,NoApples,Anthro,NoBirdseed,NoUnkSeed,NatPrey,Veg,Garbage,NoBerries,Yes,Yes
SC_254,SC254,CCSC,20200223.14,2020,2,23,winter,53.51019456,-113.5612747,zoo - compost inside fence,Compost,Compost,1,2,zoo compost access or near feeder,0,NEG,NEG,NA,NA,absent,18.64,NoApples,Anthro,NoBirdseed,NoUnkSeed,NatPrey,Veg,Garbage,NoBerries,Yes,Yes
SC_204,SC204,SS,20200329.16,2020,3,29,spring,53.44895241,-113.5512618,may common garden,Developed,Walking path,1,1,community garden ,1,POS,POS,30.55,33.59,low,21.44,NoApples,Anthro,NoBirdseed,NoUnkSeed,NatPrey,Veg,NoGarbage,NoBerries,Yes,Yes
SC_115,SC115,DS,20200219.16,2020,2,19,winter,53.52108713,-113.5031434,strathcona garden,Compost,Compost,1,2,"large, uncontained compost",1,POS,POS,32.75,34.69,low,21.59,NoApples,Anthro,NoBirdseed,NoUnkSeed,NatPrey,Veg,NoGarbage,NoBerries,Yes,Yes
SC_113,SC113,CCSC,20200223.14,2020,2,23,winter,53.51019456,-113.5612747,zoo - compost inside fence,Compost,Compost,1,2,zoo compost access or near feeder,1,POS,POS,28.89,31.76,moderate,23.81,NoApples,Anthro,NoBirdseed,NoUnkSeed,NatPrey,Veg,NoGarbage,NoBerries,Yes,Yes
SC_154,SC154,CCSC,20200223.14,2020,2,23,winter,53.50903511,-113.5639922,zoo - compost outside W fence,Forest,Zoo,1,2,zoo compost access or near feeder,1,POS,POS,29.73,32.63,low,24.03,NoApples,Anthro,NoBirdseed,NoUnkSeed,NatPrey,Veg,NoGarbage,NoBerries,Yes,Yes
SC_155,SC155,CCSC,20200223.14,2020,2,23,winter,53.51019456,-113.5612747,zoo - compost inside fence,Compost,Compost,1,2,zoo compost access or near feeder,1,POS,POS,29.62,31.73,moderate,24.71,NoApples,Anthro,NoBirdseed,NoUnkSeed,NatPrey,Veg,NoGarbage,NoBerries,Yes,Yes
SC_267,SC267,CCSC,20200528.16,2020,5,28,spring,53.51019456,-113.5612747,zoo - compost inside fence,Compost,Compost,1,2,zoo compost access or near feeder,0,NEG,NEG,NA,NA,absent,28.76,NoApples,Anthro,NoBirdseed,NoUnkSeed,NatPrey,Veg,NoGarbage,NoBerries,Yes,Yes
SC_264,SC264,CCSC,20200310.16,2020,3,10,winter,53.52498494,-113.516037,South Campus Community Garden,Maintained,Community Garden,,,,1,POS,POS,29.83,31.91,moderate,19.99,NoApples,Anthro,NoBirdseed,NoUnkSeed,NatPrey,Veg,NoGarbage,NoBerries,Yes,Yes
SC_120,SC120,CCSC,20200223.15,2020,2,23,winter,53.51019456,-113.5612747,zoo - compost inside fence,Compost,Compost,1,2,zoo compost access or near feeder,1,POS,POS,32.01,35.08,low,19.09,NoApples,Anthro,NoBirdseed,NoUnkSeed,NoNatPrey,Veg,NoGarbage,NoBerries,Yes,Yes
SC_190,SC190,SS,20200418.12,2020,4,18,spring,53.50903511,-113.5639922,zoo - compost outside W fence,Forest,Zoo,1,2,zoo compost access or near feeder,0,NEG,NEG,NA,NA,absent,19.69,NoApples,Anthro,NoBirdseed,NoUnkSeed,NoNatPrey,Veg,NoGarbage,NoBerries,Yes,Yes
SC_248,SC248,CCSC,20200611.19,2020,6,11,spring,53.51019456,-113.5612747,zoo - compost inside fence,Compost,Compost,1,2,zoo compost access or near feeder,1,POS,POS,32.3,36.12,low,21.64,NoApples,Anthro,NoBirdseed,NoUnkSeed,NoNatPrey,Veg,NoGarbage,NoBerries,Yes,Yes
SC_266,SC266,DS,20200401.16,2020,4,1,spring,53.52499056,-113.4173747,kings university,Compost,Compost,1,2,a lot of unsecured compost ,0,NEG,NEG,NA,NA,absent,27.8,NoApples,NoAnthro,Birdseed,NoUnkSeed,NatPrey,NoVeg,Garbage,NoBerries,Yes,Yes
SC_128,SC128,DS,20200212.13,2020,2,12,winter,53.44739355,-113.5869415,thibeault pond,Developed,Stormwater Pond,1,1,"birdfeeders, suspected feeding",0,NEG,NEG,NA,NA,absent,24.3,NoApples,NoAnthro,Birdseed,NoUnkSeed,NatPrey,NoVeg,Garbage,NoBerries,Yes,Yes
SC_175,SC175,SS,20200306.08,2020,3,6,winter,NA,NA,Epcor,,,,,,1,POS,POS,31.84,33.96,low,19.66,NoApples,NoAnthro,Birdseed,NoUnkSeed,NatPrey,NoVeg,Garbage,NoBerries,Yes,Yes
SC_173,SC173,SS,20200418.14,2020,4,18,spring,53.44739355,-113.5869415,Thibault pond,Developed,Stormwater Pond,1,1,"birdfeeders, suspected feeding",1,POS,POS,30.84,32.59,low,19.68,NoApples,NoAnthro,Birdseed,NoUnkSeed,NatPrey,NoVeg,NoGarbage,NoBerries,Yes,Yes
SC_180,SC180,SS,20200418.13,2020,4,18,spring,53.50999505,-113.5632142,laurier drive,Developed,Residential,1,2,Feeding occurs here,0,NEG,NEG,NA,NA,absent,18.48,NoApples,NoAnthro,Birdseed,NoUnkSeed,NatPrey,NoVeg,NoGarbage,NoBerries,Yes,Yes
SC_239,SC239,CS,20200410.13,2020,4,10,spring,53.44865333,-113.5597216,magrath heights cam,Forest,Walking path,0,0,NA,1,NEG,POS,NA,33.94,low,21.83,NoApples,NoAnthro,Birdseed,NoUnkSeed,NatPrey,NoVeg,NoGarbage,NoBerries,Yes,Yes
SC_260,SC260,CCSC,20200323.16,2020,3,23,spring,53.51886046,-113.5401069,Hawrelak park ,Maintained,Walking path,0,0,NA,0,NEG,NEG,NA,NA,absent,28.78,NoApples,NoAnthro,Birdseed,NoUnkSeed,NatPrey,NoVeg,NoGarbage,NoBerries,Yes,Yes
SC_171,SC171,SS,20200418.12,2020,4,18,spring,53.50903511,-113.5639922,zoo - compost outside W fence,Forest,Zoo,1,2,zoo compost access or near feeder,1,NEG,POS,NA,36.69,low,19.69,NoApples,NoAnthro,Birdseed,NoUnkSeed,NatPrey,NoVeg,NoGarbage,NoBerries,Yes,Yes
SC_170,SC170,SS,20200306.08,2020,3,6,winter,NA,NA,Epcor,,,,,,1,POS,POS,31.72,35.06,low,19.81,NoApples,NoAnthro,Birdseed,NoUnkSeed,NatPrey,NoVeg,NoGarbage,NoBerries,Yes,Yes
SC_229,SC229,CS,20200410.17,2020,4,10,spring,53.46568047,-113.377529,silverberry pond,Naturalized,Stormwater Pond,0,0,NA,0,NEG,NEG,NA,NA,absent,19.99,NoApples,NoAnthro,Birdseed,NoUnkSeed,NatPrey,Veg,Garbage,NoBerries,Yes,Yes
SC_132,SC132,DS,20200212.14,2020,2,12,winter,53.44739355,-113.5869415,thibeault pond,Developed,Stormwater Pond,1,1,"birdfeeders, suspected feeding",0,NEG,NEG,NA,NA,absent,24.35,NoApples,NoAnthro,Birdseed,NoUnkSeed,NatPrey,Veg,NoGarbage,Berries,Yes,Yes
SC_214,SC214,SS,20200329.14,2020,3,29,spring,53.44739355,-113.5869415,Thibault pond,Developed,Stormwater Pond,1,1,"birdfeeders, suspected feeding",0,NEG,NEG,NA,NA,absent,22.05,NoApples,NoAnthro,Birdseed,NoUnkSeed,NatPrey,Veg,NoGarbage,NoBerries,Yes,Yes
SC_116,SC116,DS,20200219.16,2020,2,19,winter,53.52108713,-113.5031434,strathcona garden,Compost,Compost,1,2,"large, uncontained compost",0,NEG,NEG,NA,NA,absent,24.7,NoApples,NoAnthro,Birdseed,NoUnkSeed,NatPrey,Veg,NoGarbage,NoBerries,Yes,Yes
SC_108,SC108,DS,20200103.12,2020,1,3,winter,53.51865633,-113.5399031,Hawrelak dog park,Forest,Dog park,0,0,NA,0,NEG,NEG,NA,NA,absent,20.08,NoApples,NoAnthro,Birdseed,NoUnkSeed,NatPrey,Veg,NoGarbage,NoBerries,Yes,Yes
SC_110,SC110,CCSC,20191230,2019,12,30,winter,53.53368093,-113.5474603,mayfair golf,Maintained,Golf course,0,0,NA,0,NEG,NEG,NA,NA,absent,32.65,NoApples,NoAnthro,Birdseed,NoUnkSeed,NatPrey,Veg,NoGarbage,NoBerries,Yes,Yes
SC_112,SC112,CCSC,20191230,2019,12,30,winter,53.53368093,-113.5474603,mayfair golf,Maintained,Golf course,0,0,NA,0,NEG,NEG,NA,NA,absent,19.73,NoApples,NoAnthro,Birdseed,NoUnkSeed,NatPrey,Veg,NoGarbage,NoBerries,Yes,Yes
SC_141,SC141,N,20200210,2020,2,10,winter,53.53319955,-113.5472317,mayfair golf course,Maintained,Golf course,0,0,NA,0,NEG,NEG,NA,NA,absent,24.85,NoApples,NoAnthro,Birdseed,NoUnkSeed,NatPrey,Veg,NoGarbage,NoBerries,Yes,Yes
SC_231,SC231,DS,20200410.12,2020,4,10,spring,53.46523148,-113.3782119,silverberry pond,Naturalized,Stormwater Pond,0,0,NA,0,NEG,NEG,NA,NA,absent,21.78,NoApples,NoAnthro,Birdseed,NoUnkSeed,NatPrey,Veg,NoGarbage,NoBerries,Yes,Yes
SC_127,SC127,DS,20200203.12,2020,2,3,winter,53.44853791,-113.5511012,may common path,Developed,Walking path,1,1,near garden,1,NEG,POS,NA,35.56,low,22.32,NoApples,NoAnthro,Birdseed,NoUnkSeed,NatPrey,Veg,NoGarbage,NoBerries,Yes,Yes
SC_237,SC237,CCSC,20200801,2020,8,1,summer,53.50903511,-113.5639922,zoo - compost outside W fence,Forest,Zoo,1,2,zoo compost access or near feeder,0,NEG,NEG,NA,NA,absent,29.01,NoApples,NoAnthro,Birdseed,NoUnkSeed,NatPrey,Veg,NoGarbage,NoBerries,Yes,Yes
SC_199,SC199,SS,20200316.15,2020,3,16,winter,NA,NA,Epcor,,,,,,1,POS,POS,29.18,32.68,low,20.81,NoApples,NoAnthro,Birdseed,NoUnkSeed,NatPrey,Veg,NoGarbage,NoBerries,Yes,Yes
SC_216,SC216,SS,20200316.15,2020,3,16,winter,NA,NA,epcor,,,,,,0,NEG,NEG,NA,NA,absent,23.95,NoApples,NoAnthro,Birdseed,NoUnkSeed,NatPrey,Veg,NoGarbage,NoBerries,Yes,Yes
SC_252,SC252,DS,20200406.19,2020,4,6,spring,53.46523148,-113.3782119,Silverberry residential,Developed,Residential,1,1,birdfeeders,1,POS,POS,32.74,34.79,low,24.67,NoApples,NoAnthro,Birdseed,NoUnkSeed,NoNatPrey,NoVeg,NoGarbage,NoBerries,Yes,Yes
SC_179,SC179,SS,20200306.1,2020,3,6,winter,53.50201568,-113.5731005,Compost S'cool,Compost,Compost,1,2,hyperabundant compost,0,NEG,NEG,NA,NA,absent,19.49,NoApples,NoAnthro,Birdseed,NoUnkSeed,NoNatPrey,NoVeg,NoGarbage,NoBerries,Yes,Yes
SC_121,SC121,DS,20200103.12,2020,1,3,winter,53.51865633,-113.5399031,Hawrelak dog park,Forest,Dog park,0,0,NA,0,NEG,NEG,NA,NA,absent,19.23,NoApples,NoAnthro,Birdseed,NoUnkSeed,NoNatPrey,NoVeg,NoGarbage,NoBerries,Yes,Yes
SC_211,SC211,SS,20200316.15,2020,3,16,winter,NA,NA,Epcor,,,,,,1,POS,POS,28.57,30.71,moderate,21.8,NoApples,NoAnthro,Birdseed,NoUnkSeed,NoNatPrey,NoVeg,NoGarbage,NoBerries,Yes,Yes
SC_203,SC203,SS,20200329.15,2020,3,29,spring,53.44739355,-113.5869415,Thibault pond,Developed,Stormwater Pond,1,1,"birdfeeders, suspected feeding",0,NEG,NEG,NA,NA,absent,21.69,NoApples,NoAnthro,Birdseed,NoUnkSeed,NoNatPrey,Veg,NoGarbage,NoBerries,Yes,Yes
SC_206,SC206,SS,20200329.15,2020,3,29,spring,53.44739355,-113.5869415,Thibault pond,Developed,Stormwater Pond,1,1,"birdfeeders, suspected feeding",0,NEG,NEG,NA,NA,absent,21.62,NoApples,NoAnthro,Birdseed,NoUnkSeed,NoNatPrey,Veg,NoGarbage,NoBerries,Yes,Yes
SC_192,SC192,SS,20200418.12,2020,4,18,spring,53.52886797,-113.6470433,Park west community garden,Naturalized,Compost,1,1,"compost present, but secured",0,NEG,NEG,NA,NA,absent,19.6,NoApples,NoAnthro,Birdseed,NoUnkSeed,NoNatPrey,Veg,NoGarbage,NoBerries,Yes,Yes
SC_152,SC152,CCSC,20200201.1,2020,2,1,winter,53.53368093,-113.5474603,mayfair ski trail,Maintained,Golf course,0,0,NA,0,NEG,NEG,NA,NA,absent,24.16,NoApples,NoAnthro,Birdseed,NoUnkSeed,NoNatPrey,Veg,NoGarbage,NoBerries,Yes,Yes
SC_159,SC159,CCSC,20200206.17,2020,2,6,winter,53.50257274,-113.5473138,grandview stairs,Forest,Walking path,0,0,NA,0,NEG,NEG,NA,NA,absent,21.75,NoApples,NoAnthro,Birdseed,NoUnkSeed,NoNatPrey,Veg,NoGarbage,NoBerries,Yes,Yes
SC_185,SC185,SS,20200418.16,2020,4,18,spring,53.49736013,-113.4370009,Roper pond,Naturalized,Stormwater Pond,1,1,suspected feeding,1,POS,POS,32.08,37.34,low,19.93,NoApples,NoAnthro,Birdseed,NoUnkSeed,NoNatPrey,Veg,NoGarbage,NoBerries,Yes,Yes
SC_131,SC131,SS,20200226.09,2020,2,26,winter,53.50903511,-113.5639922,zoo - compost outside south fence,Compost,Zoo,1,2,zoo compost access or near feeder,1,NEG,POS,NA,35.46,low,24.92,NoApples,NoAnthro,Birdseed,NoUnkSeed,NoNatPrey,Veg,NoGarbage,NoBerries,Yes,Yes
SC_156,SC156,SS,20200223.12,2020,2,23,winter,NA,NA,Epcor,,,,,,1,NEG,POS,NA,35.34,low,27.95,NoApples,NoAnthro,Birdseed,NoUnkSeed,NoNatPrey,Veg,NoGarbage,NoBerries,Yes,Yes
SC_105,SC105,JK,20190825.08,2019,8,25,summer,53.4261588,-113.6332502,"181 ST, 8 Ave",Maintained,Residential,1,1,private garden,1,POS,POS,31.5,34.55,low,NA,NoApples,NoAnthro,NoBirdseed,NoUnkSeed,NatPrey,NoVeg,Garbage,Berries,Yes,Yes
SC_004,SC04,DS,20181228.14,2018,12,28,winter,53.47011429,-113.4057391,Kiniski Gardens,Developed,Residential,0,0,NA,0,NEG,NEG,NA,NA,absent,NA,NoApples,NoAnthro,NoBirdseed,NoUnkSeed,NatPrey,NoVeg,Garbage,NoBerries,Yes,Yes
SC_122,SC122,DS,20200202.17,2020,2,2,winter,53.48004141,-113.4204795,millcreek dog park north,Forest,Dog park,0,0,NA,1,POS,POS,28.18,30.98,moderate,19.91,NoApples,NoAnthro,NoBirdseed,NoUnkSeed,NatPrey,NoVeg,Garbage,NoBerries,Yes,Yes
SC_044,SC44,KV,20180123.09,2018,1,23,winter,53.62702302,-113.6198624,St. Albert,Forest,Walking path,0,0,NA,0,NEG,NEG,NA,NA,absent,NA,NoApples,NoAnthro,NoBirdseed,NoUnkSeed,NatPrey,NoVeg,Garbage,NoBerries,Yes,Yes
SC_092,SC92,MR,20190303.14,2019,3,3,winter,53.47439133,-113.6388936,Wedgewood Alley,Developed,Residential,0,0,NA,0,NEG,NEG,NA,NA,absent,NA,NoApples,NoAnthro,NoBirdseed,NoUnkSeed,NatPrey,NoVeg,Garbage,NoBerries,Yes,Yes
SC_072,SC72,CCSC,20171126.12,2017,11,26,autumn,53.54339256,-113.4675976,Riverdale,Forest,Walking path,,,,0,NEG,NEG,NA,NA,absent,NA,NoApples,NoAnthro,NoBirdseed,NoUnkSeed,NatPrey,NoVeg,Garbage,NoBerries,Yes,Yes
SC_253,SC253,DS,20200329.13,2020,3,29,spring,53.44381943,-113.5012865,Bearspaw dog park,Maintained,Dog park,1,1,bird feeders,0,NEG,NEG,NA,NA,absent,26.11,NoApples,NoAnthro,NoBirdseed,NoUnkSeed,NatPrey,Veg,Garbage,NoBerries,Yes,Yes
SC_257,SC257,DS,20200409.2,2020,4,9,spring,53.54105438,-113.5081916,king edward school,Developed,Residential,1,1,fruit trees,0,NEG,NEG,NA,NA,absent,30.77,NoApples,NoAnthro,NoBirdseed,NoUnkSeed,NatPrey,Veg,Garbage,NoBerries,Yes,Yes
SC_259,SC259,DS,20200409.11,2020,4,9,spring,53.54105438,-113.5081916,king edward school,Developed,Residential,1,1,fruit trees,0,NEG,NEG,NA,NA,absent,21.22,NoApples,NoAnthro,NoBirdseed,NoUnkSeed,NatPrey,Veg,Garbage,NoBerries,Yes,Yes
SC_265,SC265,DS,20200409.1,2020,4,9,spring,53.54105438,-113.5081916,king edward school,Developed,Residential,1,1,fruit trees,0,NEG,NEG,NA,NA,absent,22.65,NoApples,NoAnthro,NoBirdseed,NoUnkSeed,NatPrey,Veg,Garbage,NoBerries,Yes,Yes
SC_010,SC10,DS,20190317.14,2019,3,17,winter,53.50605047,-113.6238945,Callingwood Park,Maintained,Dog park,0,0,NA,0,NEG,NEG,NA,NA,absent,NA,NoApples,NoAnthro,NoBirdseed,NoUnkSeed,NatPrey,Veg,Garbage,NoBerries,Yes,Yes
SC_226,SC226,CS,20200410.12,2020,4,10,spring,53.44154145,-113.5602891,terwillegar dog park,Naturalized,Dog park,0,0,NA,0,NEG,NEG,NA,NA,absent,21.61,NoApples,NoAnthro,NoBirdseed,NoUnkSeed,NatPrey,Veg,Garbage,NoBerries,Yes,Yes
SC_245,SC245,DS,20200302.18,2020,3,2,winter,53.48004141,-113.4204795,millcreek dp N,Forest,Dog park,0,0,NA,0,NEG,NEG,NA,NA,absent,21.74,NoApples,NoAnthro,NoBirdseed,NoUnkSeed,NatPrey,Veg,Garbage,NoBerries,Yes,Yes
SC_250,SC250,CCSC,20200427.2,2020,4,27,spring,53.52780169,-113.5154537,South campus trails,Naturalized,Stormwater Pond,0,0,NA,0,POS,NEG,36.63,NA,absent,21.26,NoApples,NoAnthro,NoBirdseed,NoUnkSeed,NatPrey,Veg,Garbage,NoBerries,Yes,Yes
SC_263,SC263,DS,20200417.18,2020,4,17,spring,53.53068746,-113.4787943,Mutart camera site 1,Forest,Walking path,0,0,NA,0,NEG,NEG,NA,NA,absent,19.68,NoApples,NoAnthro,NoBirdseed,NoUnkSeed,NatPrey,Veg,Garbage,NoBerries,Yes,Yes
SC_051,SC51,BU,20180702.14,2018,7,2,summer,53.52304016,-113.4771292,Millcreek,Forest,Walking path,0,0,NA,0,NEG,NEG,NA,NA,absent,NA,NoApples,NoAnthro,NoBirdseed,NoUnkSeed,NatPrey,Veg,Garbage,NoBerries,Yes,Yes
SC_230,SC230,DS,20200407.11,2020,4,7,spring,53.56163057,-113.4365123,highlands golf course,Maintained,Golf course,1,1,right beside clubhouse restaurant,0,NEG,NEG,NA,NA,absent,21.69,NoApples,NoAnthro,NoBirdseed,NoUnkSeed,NatPrey,Veg,Garbage,NoBerries,Yes,Yes
SC_124,SC124,DS,20200203.11,2020,2,3,winter,53.44381943,-113.5012865,Bearspaw dog park,Maintained,Dog park,1,1,bird feeders,0,NEG,NEG,NA,NA,absent,23.72,NoApples,NoAnthro,NoBirdseed,NoUnkSeed,NoNatPrey,NoVeg,Garbage,NoBerries,Yes,Yes
SC_219,SC219,DS,20200409.11,2020,4,9,spring,53.54105438,-113.5081916,king edward school,Developed,Residential,1,1,fruit trees,0,NEG,NEG,NA,NA,absent,20.27,NoApples,NoAnthro,NoBirdseed,NoUnkSeed,NoNatPrey,NoVeg,Garbage,NoBerries,Yes,Yes
SC_228,SC228,DS,20200416.17,2020,4,16,spring,53.55440172,-113.4073654,gold bar park,Maintained,Dog park,1,1,fruit trees,1,POS,POS,30.06,32.45,low,21.81,NoApples,NoAnthro,NoBirdseed,NoUnkSeed,NoNatPrey,Veg,Garbage,Berries,Yes,Yes
SC_232,SC232,DS,20200410.14,2020,4,10,spring,53.49736013,-113.4370009,roper pond,Naturalized,Stormwater Pond,1,1,suspected feeding,1,NEG,POS,NA,36.94,low,21.76,NoApples,NoAnthro,NoBirdseed,NoUnkSeed,NoNatPrey,Veg,Garbage,Berries,Yes,Yes
SC_151,SC151,SS,20200226.09,2020,2,26,winter,53.50903511,-113.5639922,zoo - compost outside south fence,Compost,Zoo,1,2,zoo compost access or near feeder,1,POS,POS,31.72,34.27,low,20.55,NoApples,NoAnthro,NoBirdseed,NoUnkSeed,NoNatPrey,Veg,Garbage,NoBerries,Yes,Yes
SC_079,SC79,RS,20190324.16,2019,3,24,spring,53.53385086,-113.5366481,Emily Murphy Park,Forest,Walking path,0,0,NA,1,POS,POS,39.99,36.84,low,NA,NoApples,NoAnthro,NoBirdseed,UnkSeed,NatPrey,NoVeg,NoGarbage,Berries,No,Unk
SC_103,SC103,DS,20191113.14,2019,11,13,autumn,53.51865633,-113.5399031,Hawrelak dog park,Forest,Dog park,0,0,NA,0,NEG,NEG,NA,NA,absent,NA,NoApples,NoAnthro,NoBirdseed,UnkSeed,NatPrey,NoVeg,NoGarbage,NoBerries,No,Unk
SC_143,SC143,CCSC,20200228.15,2020,2,28,winter,53.48625807,-113.5567811,Rainbow Valley Bridge,Forest,Walking path,0,0,NA,0,NEG,NEG,NA,NA,absent,24.53,NoApples,NoAnthro,NoBirdseed,UnkSeed,NatPrey,NoVeg,NoGarbage,NoBerries,No,Unk
SC_258,SC258,CCSC,20200323.15,2020,3,23,spring,53.53350014,-113.5367876,Emily murphy park ,Forest,Walking path,0,0,NA,0,NEG,NEG,NA,NA,absent,25.45,NoApples,NoAnthro,NoBirdseed,UnkSeed,NatPrey,NoVeg,NoGarbage,NoBerries,No,Unk
SC_078,SC78,RS,20190324.16,2019,3,24,spring,53.53385086,-113.5366481,Emily Murphy Park,Forest,Walking path,0,0,NA,0,NEG,NEG,NA,NA,absent,NA,NoApples,NoAnthro,NoBirdseed,UnkSeed,NatPrey,NoVeg,NoGarbage,NoBerries,No,Unk
SC_048,SC48,DS,20190117.14,2019,1,17,winter,53.57409681,-113.5171404,Municipal airport,Naturalized,Industrial,1,2,sometimes feed,0,NEG,NEG,NA,NA,absent,NA,NoApples,NoAnthro,NoBirdseed,UnkSeed,NatPrey,NoVeg,NoGarbage,NoBerries,No,Unk
SC_197,SC197,SS,20200329.16,2020,3,29,spring,53.49736013,-113.4370009,Roper pond,Naturalized,Stormwater Pond,1,1,suspected feeding,0,NEG,NEG,NA,NA,absent,18.99,NoApples,NoAnthro,NoBirdseed,UnkSeed,NatPrey,NoVeg,NoGarbage,NoBerries,No,Unk
SC_256,SC256,DS,20200220.12,2020,2,20,winter,53.57012561,-113.3788992,rundle gc compost,Compost,Golf course,1,1,vegetation compost,0,NEG,NEG,NA,NA,absent,25.33,NoApples,NoAnthro,NoBirdseed,UnkSeed,NatPrey,NoVeg,NoGarbage,NoBerries,No,Unk
SC_139,SC139,SS,20200223.12,2020,2,23,winter,NA,NA,Epcor,,,,,,0,NEG,NEG,NA,NA,absent,23.52,NoApples,NoAnthro,NoBirdseed,UnkSeed,NatPrey,NoVeg,NoGarbage,NoBerries,No,Unk
SC_146,SC146,SS,20200209.12,2020,2,9,winter,NA,NA,Epcor,,,,,,0,NEG,NEG,NA,NA,absent,23.15,NoApples,NoAnthro,NoBirdseed,UnkSeed,NatPrey,NoVeg,NoGarbage,NoBerries,No,Unk
SC_184,SC184,SS,20200306.09,2020,3,6,winter,NA,NA,Epcor,,,,,,0,NEG,NEG,NA,NA,absent,19.57,NoApples,NoAnthro,NoBirdseed,UnkSeed,NatPrey,NoVeg,NoGarbage,NoBerries,No,Unk
SC_057,SC57,CCSC,20180224.14,2018,2,24,winter,53.53875408,-113.5652509,MacKinnon,Forest,Walking path,,,,0,NEG,NEG,NA,NA,absent,NA,NoApples,NoAnthro,NoBirdseed,UnkSeed,NatPrey,NoVeg,NoGarbage,NoBerries,No,Unk
SC_067,SC67,CCSC,20171126.13,2017,11,26,autumn,53.54339256,-113.4675976,Riverdale,Forest,Walking path,,,,0,NEG,NEG,NA,NA,absent,NA,NoApples,NoAnthro,NoBirdseed,UnkSeed,NatPrey,NoVeg,NoGarbage,NoBerries,No,Unk
SC_268,SC268,DS,20200329.14,2020,3,29,spring,53.44381943,-113.5012865,Bearspaw dog park,Maintained,Dog park,1,1,bird feeders,0,NEG,NEG,NA,NA,absent,19.15,NoApples,NoAnthro,NoBirdseed,UnkSeed,NatPrey,Veg,NoGarbage,NoBerries,No,Unk
SC_187,SC187,SS,20200418.14,2020,4,18,spring,53.44739355,-113.5869415,Thibault pond,Developed,Stormwater Pond,1,1,"birdfeeders, suspected feeding",1,NEG,POS,NA,36.68,low,19.77,NoApples,NoAnthro,NoBirdseed,UnkSeed,NatPrey,Veg,NoGarbage,NoBerries,No,Unk
SC_209,SC209,SS,20200329.14,2020,3,29,spring,53.44739355,-113.5869415,Thibault pond,Developed,Stormwater Pond,1,1,"birdfeeders, suspected feeding",0,NEG,NEG,NA,NA,absent,17.88,NoApples,NoAnthro,NoBirdseed,UnkSeed,NatPrey,Veg,NoGarbage,NoBerries,No,Unk
SC_210,SC210,SS,20200329.15,2020,3,29,spring,53.44739355,-113.5869415,Thibault pond,Developed,Stormwater Pond,1,1,"birdfeeders, suspected feeding",0,POS,NEG,38.11,NA,absent,21.71,NoApples,NoAnthro,NoBirdseed,UnkSeed,NatPrey,Veg,NoGarbage,NoBerries,No,Unk
SC_212,SC212,SS,20200329.15,2020,3,29,spring,53.44739355,-113.5869415,Thibault pond,Developed,Stormwater Pond,1,1,"birdfeeders, suspected feeding",1,NEG,POS,NA,37.35,low,22.73,NoApples,NoAnthro,NoBirdseed,UnkSeed,NatPrey,Veg,NoGarbage,NoBerries,No,Unk
SC_262,SC262,DS,20200409.11,2020,4,9,spring,53.54105438,-113.5081916,king edward school,Developed,Residential,1,1,fruit trees,0,NEG,NEG,NA,NA,absent,30.21,NoApples,NoAnthro,NoBirdseed,UnkSeed,NatPrey,Veg,NoGarbage,NoBerries,No,Unk
SC_055,SC55,DS,20190315.18,2019,3,15,winter,53.52498494,-113.516037,South Campus compost,Compost,Compost,1,2,large compost,1,POS,POS,34.24,39.37,low,NA,NoApples,NoAnthro,NoBirdseed,UnkSeed,NatPrey,Veg,NoGarbage,NoBerries,No,Unk
SC_134,SC134,CCSC,20191227,2019,12,27,winter,53.53368093,-113.5474603,mayfair golf,Maintained,Golf course,0,0,NA,0,NEG,NEG,NA,NA,absent,24.93,NoApples,NoAnthro,NoBirdseed,UnkSeed,NatPrey,Veg,NoGarbage,NoBerries,No,Unk
SC_236,SC236,CCSC,20200323.16,2020,3,23,spring,53.51886046,-113.5401069,Hawrelak dog park,Forest,Dog park,0,0,NA,0,NEG,NEG,NA,NA,absent,21.86,NoApples,NoAnthro,NoBirdseed,UnkSeed,NatPrey,Veg,NoGarbage,NoBerries,No,Unk
SC_244,SC244,DS,20200220.11,2020,2,20,winter,53.59155405,-113.3748734,hermitage dog park,Naturalized,Dog park,0,0,NA,0,NEG,NEG,NA,NA,absent,20.99,NoApples,NoAnthro,NoBirdseed,UnkSeed,NatPrey,Veg,NoGarbage,NoBerries,No,Unk
SC_058,SC58,CCSC,20180217.14,2018,2,17,winter,53.52902378,-113.5675917,McK Bench,Forest,Walking path,0,0,NA,0,NEG,NEG,NA,NA,absent,NA,NoApples,NoAnthro,NoBirdseed,UnkSeed,NatPrey,Veg,NoGarbage,NoBerries,No,Unk
SC_198,SC198,SS,20200418.16,2020,4,18,spring,53.49736013,-113.4370009,Roper pond,Naturalized,Stormwater Pond,1,1,suspected feeding,1,POS,POS,31.72,37.85,low,20.86,NoApples,NoAnthro,NoBirdseed,UnkSeed,NatPrey,Veg,NoGarbage,NoBerries,No,Unk
SC_023,SC23,DS,20190331.15,2019,3,31,spring,53.50903511,-113.5639922,zoo - compost outside W fence,Forest,Zoo,1,2,zoo compost access or near feeder,0,NEG,NEG,NA,NA,absent,NA,NoApples,NoAnthro,NoBirdseed,UnkSeed,NatPrey,Veg,NoGarbage,NoBerries,No,Unk
SC_099,SC99,CCSC,20180711.1,2018,7,11,summer,53.50903511,-113.5639922,zoo - compost outside south fence,Forest,Walking path,1,2,zoo compost access or near feeder,0,NEG,NEG,NA,NA,absent,NA,NoApples,NoAnthro,NoBirdseed,UnkSeed,NatPrey,Veg,NoGarbage,NoBerries,No,Unk
SC_162,SC162,CCSC,20190914.17,2019,9,14,summer,53.45009848,-113.5763929,Open field parkland near terwilligar,Naturalized,Walking path,,,,0,NEG,NEG,NA,NA,absent,24.35,NoApples,NoAnthro,NoBirdseed,UnkSeed,NatPrey,Veg,NoGarbage,NoBerries,No,Unk
SC_095,SC95,,20150504,2015,5,4,spring,53.46839403,-113.529759,Werner Park Greenfield,Developed,Residential,0,0,NA,0,NEG,NEG,NA,NA,absent,NA,NoApples,NoAnthro,NoBirdseed,UnkSeed,NoNatPrey,NoVeg,NoGarbage,Berries,No,Unk
SC_201,SC201,SS,20200329.16,2020,3,29,spring,53.49736013,-113.4370009,Roper pond,Naturalized,Stormwater Pond,1,1,suspected feeding,0,NEG,NEG,NA,NA,absent,22.02,NoApples,NoAnthro,NoBirdseed,UnkSeed,NoNatPrey,NoVeg,NoGarbage,NoBerries,No,Unk
SC_191,SC191,SS,20200418.14,2020,4,18,spring,53.44739355,-113.5869415,Thibault pond,Developed,Stormwater Pond,1,1,"birdfeeders, suspected feeding",0,NEG,NEG,NA,NA,absent,19.52,NoApples,NoAnthro,NoBirdseed,UnkSeed,NoNatPrey,Veg,NoGarbage,Berries,No,Unk
SC_061,SC61,,20171024.14,2017,10,24,autumn,53.51865633,-113.5399031,Hawrelak dog park,Forest,Dog park,0,0,NA,0,NEG,NEG,NA,NA,absent,NA,NoApples,NoAnthro,NoBirdseed,UnkSeed,NoNatPrey,Veg,NoGarbage,Berries,No,Unk
SC_195,SC195,SS,20200418.12,2020,4,18,spring,53.52886797,-113.6470433,Park west community garden,Naturalized,Compost,1,1,"compost present, but secured",0,NEG,NEG,NA,NA,absent,22.21,NoApples,NoAnthro,NoBirdseed,UnkSeed,NoNatPrey,Veg,NoGarbage,NoBerries,No,Unk
SC_207,SC207,SS,20200329.16,2020,3,29,spring,53.49736013,-113.4370009,Roper pond,Naturalized,Stormwater Pond,1,1,suspected feeding,1,POS,POS,34.97,36.97,low,18.63,NoApples,NoAnthro,NoBirdseed,UnkSeed,NoNatPrey,Veg,NoGarbage,NoBerries,No,Unk
SC_217,SC217,SS,20200329.16,2020,3,29,spring,53.49736013,-113.4370009,roper pond,Naturalized,Stormwater Pond,1,1,suspected feeding,0,NEG,NEG,NA,NA,absent,n/a,NoApples,NoAnthro,NoBirdseed,UnkSeed,NoNatPrey,Veg,NoGarbage,NoBerries,No,Unk
SC_136,SC136,SS,20200226.09,2020,2,26,winter,53.50903511,-113.5639922,zoo - compost outside south fence,Compost,Zoo,1,2,zoo compost access or near feeder,0,NEG,NEG,NA,NA,absent,22.95,NoApples,NoAnthro,NoBirdseed,UnkSeed,NoNatPrey,Veg,NoGarbage,NoBerries,No,Unk
SC_009,SC09,CH,20190319.17,2019,3,19,winter,53.55820648,-113.4560358,Kinnard,Forest,Walking path,0,0,NA,0,NEG,NEG,NA,NA,absent,NA,Apples,NoAnthro,NoBirdseed,UnkSeed,NatPrey,NoVeg,NoGarbage,Berries,Yes,Yes
SC_142,SC142,CCSC,20200201.1,2020,2,1,winter,53.53368093,-113.5474603,mayfair golf course,Maintained,Golf course,0,0,NA,0,NEG,NEG,NA,NA,absent,24.65,Apples,NoAnthro,NoBirdseed,UnkSeed,NatPrey,Veg,Garbage,NoBerries,Yes,Yes
SC_183,SC183,SS,20200418.12,2020,4,18,spring,53.52886797,-113.6470433,Park west community garden,Naturalized,Compost,1,1,"compost present, but secured",1,NEG,POS,NA,37.01,low,18.77,Apples,NoAnthro,NoBirdseed,UnkSeed,NatPrey,Veg,NoGarbage,NoBerries,Yes,Yes
SC_034,SC34,MR,20190317.15,2019,3,17,winter,53.50562366,-113.6085191,Westridge Park,Forest,Dog park,0,0,NA,0,WEAK POS (low copy number),WEAK POS (low copy number),40,40,very low,NA,Apples,NoAnthro,NoBirdseed,UnkSeed,NatPrey,Veg,NoGarbage,NoBerries,Yes,Yes
SC_097,SC97,,20120206.11,2012,2,6,winter,53.52498494,-113.516037,South Campus compost,Compost,Compost,1,2,large compost,1,POS,POS,39.99,35.51,low,NA,Apples,NoAnthro,NoBirdseed,UnkSeed,NoNatPrey,NoVeg,NoGarbage,Berries,Yes,Yes
SC_045,SC45,BU,20180323.14,2018,3,23,spring,53.52304016,-113.4771292,Millcreek,Forest,Walking path,0,0,NA,0,WEAK POS (low copy number),WEAK POS (low copy number),40,40,very low,NA,Apples,NoAnthro,NoBirdseed,UnkSeed,NoNatPrey,NoVeg,NoGarbage,Berries,Yes,Yes
SC_060,SC60,CCSC,20180217.14,2018,2,17,winter,53.53833101,-113.5519866,Mac - Mk trail,Forest,Walking path,,,,0,NEG,NEG,NA,NA,absent,NA,Apples,NoAnthro,NoBirdseed,UnkSeed,NoNatPrey,NoVeg,NoGarbage,Berries,Yes,Yes
SC_182,SC182,SS,20200418.15,2020,4,18,spring,53.44739355,-113.5869415,Thibault pond,Developed,Stormwater Pond,1,1,"birdfeeders, suspected feeding",0,NEG,NEG,NA,NA,absent,19.61,Apples,NoAnthro,NoBirdseed,UnkSeed,NoNatPrey,NoVeg,NoGarbage,NoBerries,Yes,Yes
SC_035,SC35,"DS, PW",20190212.17,2019,2,12,winter,53.55040571,-113.463947,Riverside golf course,Maintained,Golf course,1,1,vegetation compost,0,NEG,NEG,NA,NA,absent,NA,Apples,NoAnthro,NoBirdseed,UnkSeed,NoNatPrey,Veg,NoGarbage,Berries,Yes,Yes
SC_059,SC59,CCSC,20180217.14,2018,2,17,winter,53.53833101,-113.5519866,Mac - Mk trail,Forest,Walking path,,,,0,NEG,NEG,NA,NA,absent,NA,Apples,NoAnthro,NoBirdseed,UnkSeed,NoNatPrey,Veg,NoGarbage,Berries,Yes,Yes
SC_129,SC129,DS,20200203.12,2020,2,3,winter,53.48460418,-113.6203734,terwilligar pond,Developed,Stormwater Pond,1,1,birdfeeders,0,NEG,NEG,NA,NA,absent,24.34,Apples,NoAnthro,NoBirdseed,UnkSeed,NoNatPrey,Veg,NoGarbage,NoBerries,Yes,Yes
SC_032,SC32,"DS, AH, RS",20190115.1,2019,1,15,winter,53.44154145,-113.5602891,terwillegar dog park,Naturalized,Dog park,0,0,NA,0,NEG,NEG,NA,NA,absent,NA,Apples,NoAnthro,NoBirdseed,UnkSeed,NoNatPrey,Veg,NoGarbage,NoBerries,Yes,Yes
SC_098,SC98,CCSC,20180711.11,2018,7,11,summer,53.50903511,-113.5639922,zoo - compost outside south fence,Forest,Walking path,1,2,zoo compost access or near feeder,0,NEG,NEG,NA,NA,absent,NA,Apples,NoAnthro,NoBirdseed,UnkSeed,NoNatPrey,Veg,NoGarbage,NoBerries,Yes,Yes
SC_038,SC38,Joel,20190307.09,2019,3,7,winter,53.45788834,-113.5237994,Blue Quill Ravine,Forest,Dog park,0,0,NA,0,NEG,NEG,NA,NA,absent,NA,NoApples,Anthro,NoBirdseed,UnkSeed,NatPrey,Veg,NoGarbage,NoBerries,Yes,Yes
SC_234,SC234,CCSC,20200528.16,2020,5,28,spring,53.51019456,-113.5612747,zoo - compost inside fence,Compost,Compost,1,2,zoo compost access or near feeder,0,NEG,NEG,NA,NA,absent,21.66,NoApples,Anthro,NoBirdseed,UnkSeed,NatPrey,Veg,NoGarbage,NoBerries,Yes,Yes
SC_153,SC153,CCSC,20200125.15,2020,1,25,winter,53.51005247,-113.5629674,laurier drive,Developed,Residential,1,2,Feeding occurs here,1,POS,POS,29.32,32.79,low,26.7,NoApples,NoAnthro,NoBirdseed,UnkSeed,NatPrey,NoVeg,Garbage,NoBerries,Yes,Yes
SC_200,SC200,SS,20200329.15,2020,3,29,spring,53.44739355,-113.5869415,Thibault pond,Developed,Stormwater Pond,1,1,"birdfeeders, suspected feeding",1,POS,POS,35.75,37.75,low,22.04,NoApples,NoAnthro,NoBirdseed,UnkSeed,NoNatPrey,NoVeg,Garbage,NoBerries,Yes,Yes
SC_255,SC255,DS,20200412.12,2020,4,12,spring,53.56163057,-113.4365123,highlands golf course,Maintained,Golf course,1,1,fruit trees,0,NEG,NEG,NA,NA,absent,23.56,NoApples,NoAnthro,NoBirdseed,UnkSeed,NoNatPrey,Veg,Garbage,NoBerries,Yes,Yes
